0,B
000001.XSHE,53142353998.26848
000005.XSHE,384453127.68931496
000006.XSHE,1337038141.6925511
000009.XSHE,3584874002.8305774
000010.XSHE,284292896.3086144
000011.XSHE,934656903.266799
000012.XSHE,5347242272.899253
000014.XSHE,229368793.71935582
000017.XSHE,43313830.64817425
000018.XSHE,4085386600.3887763
000021.XSHE,7507572761.678259
000025.XSHE,171661588.01768568
000026.XSHE,1653910646.5242553
000027.XSHE,7776558329.419474
000030.XSHE,4082774339.728201
000036.XSHE,822444723.1049834
000039.XSHE,37640200437.45873
000043.XSHE,2905539945.109074
000045.XSHE,722167325.8900609
000049.XSHE,5925378935.590481
000055.XSHE,1418264600.471305
000056.XSHE,303232164.1737092
000058.XSHE,734303678.0206659
000060.XSHE,10195842862.85001
000061.XSHE,1201658238.4185374
000062.XSHE,5241630771.916116
000065.XSHE,5413197665.908701
000069.XSHE,15692377350.726112
000078.XSHE,18617848684.4336
000088.XSHE,179342455.5934212
000089.XSHE,1728232274.1200755
000090.XSHE,2749277785.2921247
000096.XSHE,677159251.0379684
000151.XSHE,1059852097.1660633
000157.XSHE,15658401261.564613
000158.XSHE,5355549026.830648
000159.XSHE,311496699.5576747
000400.XSHE,3375852254.5691395
000402.XSHE,11333134718.313515
000404.XSHE,4552521606.787287
000407.XSHE,2037862236.665145
000416.XSHE,43650209.51285612
000417.XSHE,5453474629.300974
000418.XSHE,11443052611.5845
000419.XSHE,1906319499.633107
000420.XSHE,1120231199.9470186
000421.XSHE,2088231664.84542
000425.XSHE,20589322669.97092
000428.XSHE,486311168.3826792
000430.XSHE,172115374.4347
000488.XSHE,17875328111.094757
000498.XSHE,5841484278.1151495
000501.XSHE,9127042499.785269
000507.XSHE,831362708.3070623
000513.XSHE,4799865959.50312
000514.XSHE,460656286.23029584
000517.XSHE,-66953814.87585938
000518.XSHE,181738260.3424424
000521.XSHE,10470055411.12425
000524.XSHE,3830039154.2135878
000525.XSHE,3168644513.4498587
000528.XSHE,7399293594.614849
000529.XSHE,998403014.1747282
000530.XSHE,1046327251.8068357
000531.XSHE,1369001980.6528106
000532.XSHE,250512827.53610152
000537.XSHE,7459251701.228073
000538.XSHE,13108554484.923939
000539.XSHE,13563154355.81282
000543.XSHE,6236006900.139693
000545.XSHE,902540513.0583174
000546.XSHE,2073201877.0350976
000548.XSHE,1264364415.3102713
000550.XSHE,14099918795.132622
000551.XSHE,1347081377.3898768
000552.XSHE,2172216932.508583
000554.XSHE,1382826834.360446
000559.XSHE,5487894541.569975
000561.XSHE,498099147.0808201
000563.XSHE,442073131.7761756
000567.XSHE,126121567.147627
000568.XSHE,6089406716.39666
000570.XSHE,1138026834.6288285
000572.XSHE,3694426997.0884724
000573.XSHE,299678187.3082876
000576.XSHE,185409049.79806286
000581.XSHE,4479146593.62308
000587.XSHE,5233951349.336897
000589.XSHE,3856388980.4235044
000597.XSHE,3248891313.6368
000598.XSHE,2092058178.6780686
000599.XSHE,2108545359.3733938
000600.XSHE,5896095252.5201
000601.XSHE,1937524074.0365534
000605.XSHE,907485064.0655955
000607.XSHE,783457502.8066055
000610.XSHE,303671491.1077482
000619.XSHE,1382941213.1734314
000625.XSHE,33852982699.882362
000627.XSHE,436536275.6395151
000628.XSHE,25722303.742877305
000631.XSHE,4607004774.80727
000632.XSHE,3106656875.723159
000635.XSHE,902474771.232383
000637.XSHE,1851259032.3661246
000650.XSHE,2176098568.6553326
000652.XSHE,9433911466.165619
000661.XSHE,2133830845.9002047
000663.XSHE,453156697.34788525
000665.XSHE,1236090560.5388622
000668.XSHE,57413243.21725398
000669.XSHE,2367465066.100513
000671.XSHE,8661734503.077568
000678.XSHE,831075231.0702753
000680.XSHE,3955707336.163931
000681.XSHE,472558385.5135894
000683.XSHE,6534024726.656056
000685.XSHE,765543668.2433314
000686.XSHE,2069197376.024648
000692.XSHE,979131205.9347908
000695.XSHE,608170478.8090662
000698.XSHE,6220751204.90452
000700.XSHE,1797478450.090951
000701.XSHE,28658031926.310493
000702.XSHE,642385947.856739
000703.XSHE,40918892625.61271
000705.XSHE,1368600863.1308422
000708.XSHE,5984771939.476409
000709.XSHE,55983876531.62951
000712.XSHE,36580225.487421766
000721.XSHE,247530579.38736635
000722.XSHE,141362577.17792603
000726.XSHE,3232962669.2538652
000729.XSHE,6366545092.302017
000731.XSHE,924821061.9150193
000733.XSHE,4448788174.165221
000735.XSHE,654200759.5113126
000738.XSHE,1227617386.626209
000739.XSHE,3157753919.0610547
000750.XSHE,1
000751.XSHE,3547522387.1925645
000753.XSHE,1229623326.9843955
000756.XSHE,2659884184.334194
000758.XSHE,10080288726.6895
000759.XSHE,7721482470.322003
000761.XSHE,20952703386.098694
000762.XSHE,196538506.44738504
000767.XSHE,4914131285.205969
000768.XSHE,13904134095.690895
000776.XSHE,1
000777.XSHE,351121668.7085886
000778.XSHE,22296847882.442276
000782.XSHE,1753375819.128086
000785.XSHE,2059552552.7648706
000788.XSHE,1121600671.5764518
000789.XSHE,3315468177.293709
000790.XSHE,292699868.02804947
000791.XSHE,894837539.181444
000792.XSHE,5556934854.193842
000797.XSHE,1497879091.7500043
000798.XSHE,472797393.10026413
000800.XSHE,13672846447.13929
000801.XSHE,1464926442.1857767
000807.XSHE,10751857927.28151
000811.XSHE,1711948362.7173977
000819.XSHE,675622144.6762354
000823.XSHE,2194151201.116128
000826.XSHE,5152072998.444927
000828.XSHE,798113167.3723259
000830.XSHE,8187938645.378943
000833.XSHE,996082819.4499333
000835.XSHE,81197676.94183087
000837.XSHE,1629757683.2757132
000838.XSHE,1093634044.607614
000848.XSHE,1011436327.1507463
000851.XSHE,4278735393.800539
000852.XSHE,1738690585.790362
000858.XSHE,19895422119.46131
000859.XSHE,514669252.0604004
000860.XSHE,6966942077.139486
000868.XSHE,2348652171.488245
000869.XSHE,2725371495.27751
000875.XSHE,2998264112.6546965
000877.XSHE,3139106416.074395
000878.XSHE,25629787428.027077
000880.XSHE,1102016198.3328166
000882.XSHE,579907245.486389
000883.XSHE,6649461650.291315
000886.XSHE,276547498.88317
000888.XSHE,536570619.3265047
000897.XSHE,241355485.84206167
000898.XSHE,43778033128.35739
000899.XSHE,973295489.6939127
000902.XSHE,5638234603.277105
000903.XSHE,4018802357.6584954
000906.XSHE,29650951640.666748
000908.XSHE,940546671.455478
000909.XSHE,795946535.6010958
000910.XSHE,3025334364.603614
000911.XSHE,887642760.685921
000915.XSHE,931039446.8790773
000919.XSHE,1599034638.2958112
000920.XSHE,696414626.6203763
000921.XSHE,20017628004.059574
000926.XSHE,6302257601.683356
000928.XSHE,3846488826.424185
000931.XSHE,762634922.3003262
000936.XSHE,1263406032.4491527
000948.XSHE,845700711.8849351
000949.XSHE,1989990861.884191
000951.XSHE,17817163850.634537
000952.XSHE,435201797.278522
000955.XSHE,398611408.44959193
000957.XSHE,1581594101.9395337
000960.XSHE,20323883821.776867
000963.XSHE,15586343019.721045
000965.XSHE,1054394138.2643154
000966.XSHE,2480397099.0189867
000970.XSHE,1941070071.3935046
000973.XSHE,1198704741.122006
000977.XSHE,18459716203.30448
000983.XSHE,17950641867.989014
000985.XSHE,714667420.6924171
000988.XSHE,2468404613.996662
000989.XSHE,2258375809.5977077
000993.XSHE,387448530.4201806
000997.XSHE,3378675145.912085
001696.XSHE,2556108784.371585
001896.XSHE,4346203853.615425
002001.XSHE,4298563600.6367035
002003.XSHE,1412490030.7563603
002007.XSHE,1150139750.425768
002008.XSHE,7019511766.868612
002009.XSHE,1294723657.2448182
002016.XSHE,1339678771.9027686
002017.XSHE,472385534.516366
002020.XSHE,1386299822.5794425
002022.XSHE,884433831.3694957
002023.XSHE,197974666.0065542
002026.XSHE,852389005.8231575
002028.XSHE,1922180254.1275187
002029.XSHE,1487800025.282407
002030.XSHE,712776665.5212241
002031.XSHE,541890732.1515626
002035.XSHE,3222484794.887805
002038.XSHE,697394043.641952
002039.XSHE,901350978.1450888
002041.XSHE,219737038.0323091
002042.XSHE,7759473712.619316
002045.XSHE,2090372758.5919485
002046.XSHE,407213812.7646271
002050.XSHE,5853976849.4119
002054.XSHE,1187404328.2187707
002055.XSHE,3509453427.4685655
002056.XSHE,3060471376.5574408
002058.XSHE,43438830.2420763
002060.XSHE,3411947979.972005
002062.XSHE,3696065912.64618
002063.XSHE,554832083.8567737
002064.XSHE,2034496834.4520907
002066.XSHE,1414435466.2062674
002067.XSHE,3039346877.308549
002073.XSHE,1352004290.275813
002079.XSHE,1188337804.3247952
002081.XSHE,10426205081.778976
002083.XSHE,2580143504.7338285
002084.XSHE,1056546777.138293
002086.XSHE,454164642.4339208
002087.XSHE,3079954433.6502876
002088.XSHE,562414449.5798253
002090.XSHE,1324997351.8606734
002093.XSHE,918248077.7493043
002095.XSHE,165275381.69371828
002096.XSHE,1603486343.6762614
002097.XSHE,2311039819.0013404
002099.XSHE,1260229002.4757326
002100.XSHE,2315570366.9379373
002101.XSHE,3801946475.4726095
002104.XSHE,835820458.1733572
002105.XSHE,669813345.1746335
002107.XSHE,382603540.389532
002108.XSHE,1885629048.9856715
002111.XSHE,914900638.6070174
002114.XSHE,632067659.6035382
002116.XSHE,1768489171.2439263
002118.XSHE,676501872.7752957
002119.XSHE,668442988.6849298
002120.XSHE,6477499106.904957
002121.XSHE,2117241198.542212
002123.XSHE,1079650798.9919863
002124.XSHE,1639548407.726696
002125.XSHE,383595606.2436436
002126.XSHE,2596659987.7837563
002128.XSHE,4469250951.845073
002130.XSHE,1399057573.2829742
002132.XSHE,1796728447.763825
002133.XSHE,3519496914.1413164
002135.XSHE,4201230660.8787827
002136.XSHE,648111417.9369246
002139.XSHE,1581520987.317389
002140.XSHE,748192251.5814832
002141.XSHE,545911283.8274239
002142.XSHE,14271459599.804564
002144.XSHE,276235014.65532863
002145.XSHE,2104910432.7296152
002146.XSHE,17083027398.972992
002148.XSHE,253424344.8663532
002149.XSHE,735918102.8111639
002150.XSHE,605061241.2795577
002151.XSHE,1381041717.3931441
002152.XSHE,1352932614.5211961
002154.XSHE,1381187174.8204226
002155.XSHE,7130753977.840323
002156.XSHE,3943504343.0127635
002157.XSHE,9587003229.953014
002158.XSHE,734583711.8780816
002165.XSHE,1191156902.2831426
002166.XSHE,443676451.89530915
002167.XSHE,346199839.6630318
002169.XSHE,797226058.995488
002170.XSHE,830639010.282465
002171.XSHE,5752913439.687674
002172.XSHE,2932696126.3907475
002177.XSHE,218677401.97970712
002178.XSHE,599472879.4953847
002179.XSHE,3676461378.1000896
002181.XSHE,403994420.1839792
002182.XSHE,2571934293.2959595
002184.XSHE,885176846.6301123
002185.XSHE,4343278019.892182
002186.XSHE,864710624.8101909
002187.XSHE,3800616532.755333
002189.XSHE,488994242.60179734
002190.XSHE,428211390.81945705
002193.XSHE,601756451.8828607
002196.XSHE,705174394.4306738
002197.XSHE,713749209.2840528
002200.XSHE,214401730.67275068
002202.XSHE,9768011442.854397
002204.XSHE,2882018665.8083305
002205.XSHE,296767515.3791985
002206.XSHE,1735798630.9538252
002208.XSHE,472671481.1927253
002213.XSHE,41031121.04287276
002214.XSHE,164722175.35569465
002215.XSHE,1879805661.793749
002216.XSHE,3094309977.563301
002218.XSHE,875122837.4917381
002220.XSHE,638800455.039475
002221.XSHE,22303414391.6022
002222.XSHE,283294601.5951822
002223.XSHE,2452354431.1286635
002224.XSHE,448328521.9938985
002225.XSHE,1534586291.0960312
002227.XSHE,159356805.40414017
002229.XSHE,400978330.2738706
002230.XSHE,3410955623.4134226
002231.XSHE,141207427.92245212
002232.XSHE,555215109.3621796
002233.XSHE,2257168663.638105
002237.XSHE,10639688921.704918
002238.XSHE,751062111.6793594
002240.XSHE,929374092.6713343
002242.XSHE,3396353864.189303
002243.XSHE,619286482.5786812
002244.XSHE,6864824653.265347
002250.XSHE,2179212902.9392586
002251.XSHE,9764019684.923626
002253.XSHE,99594316.73783183
002254.XSHE,849287084.738244
002258.XSHE,1889226632.575642
002261.XSHE,552833084.0352647
002262.XSHE,1858182065.567514
002265.XSHE,534799367.40198696
002266.XSHE,504032752.67245287
002267.XSHE,4409401326.842827
002268.XSHE,732911248.4787247
002269.XSHE,3308766512.442318
002271.XSHE,6077578502.582499
002273.XSHE,1232952496.701153
002274.XSHE,2991733698.921792
002275.XSHE,781248331.835336
002277.XSHE,4211932307.7328863
002279.XSHE,980231712.3723642
002281.XSHE,2602697364.4544654
002284.XSHE,2110659307.3642664
002287.XSHE,476962792.27857393
002290.XSHE,715708726.927686
002291.XSHE,777747195.6078691
002293.XSHE,2625741807.7446713
002294.XSHE,2292697447.6331005
002295.XSHE,3126086677.8326826
002296.XSHE,238507692.29825
002299.XSHE,4998413661.743672
002300.XSHE,2020071334.8891828
002302.XSHE,7579706930.8014765
002303.XSHE,1567585724.3896356
002305.XSHE,1223361987.8073564
002307.XSHE,3973792978.042433
002308.XSHE,522130816.35058224
002311.XSHE,18156656961.538498
002315.XSHE,1078691637.7276912
002317.XSHE,1191333404.8003128
002318.XSHE,1586583344.0776472
002321.XSHE,2603504565.1091466
002322.XSHE,364620002.41645765
002323.XSHE,850473383.8091967
002324.XSHE,1623504292.0779078
002325.XSHE,2189481608.970724
002326.XSHE,1742802325.561647
002327.XSHE,1141456120.0270743
002328.XSHE,2178561935.9126797
002330.XSHE,846088811.5373766
002332.XSHE,1551658395.0635915
002333.XSHE,496000549.6642556
002334.XSHE,1215598223.8940563
002335.XSHE,1214682298.727807
002337.XSHE,215327046.38890564
002338.XSHE,172549268.5780247
002339.XSHE,577294931.8407953
002340.XSHE,6551299135.3793545
002341.XSHE,1183413646.3341417
002342.XSHE,743556981.3842332
002343.XSHE,582684877.3312078
002344.XSHE,853911135.920771
002346.XSHE,203007479.4688478
002350.XSHE,1107348336.685441
002351.XSHE,491299785.8252555
002353.XSHE,1129171025.619206
002355.XSHE,984277902.1066055
002360.XSHE,303963632.76320887
002361.XSHE,839809218.5563433
002362.XSHE,268132559.32515168
002363.XSHE,995154399.3363546
002364.XSHE,337981905.9543613
002365.XSHE,560978897.3609166
002367.XSHE,1493041786.829052
002372.XSHE,1878684747.2793617
002374.XSHE,928788130.5322456
002375.XSHE,4195291999.158387
002376.XSHE,999181926.9853151
002378.XSHE,929130395.5104098
002380.XSHE,278746077.01455855
002381.XSHE,577625118.4810073
002382.XSHE,803055827.6897026
002385.XSHE,8998225948.769428
002386.XSHE,7598580502.138251
002388.XSHE,396974934.74220556
002391.XSHE,1342234267.0277464
002392.XSHE,1373087350.7680516
002393.XSHE,674468459.1835388
002394.XSHE,2148571938.4624133
002395.XSHE,684995120.2478726
002397.XSHE,1022663099.252579
002398.XSHE,1133431402.878462
002401.XSHE,330863904.3350238
002402.XSHE,1281458540.4276915
002403.XSHE,1648889221.722589
002404.XSHE,1612717542.545568
002405.XSHE,1111525040.6334033
002406.XSHE,906275712.8154721
002407.XSHE,1979719185.330212
002410.XSHE,1055813069.6516707
002412.XSHE,418539342.6707709
002414.XSHE,350487213.1698583
002416.XSHE,29645269188.573235
002419.XSHE,9624620548.137182
002420.XSHE,2726495076.907732
002421.XSHE,1270726330.530598
002422.XSHE,6718636709.2914295
002424.XSHE,1413998000.8576875
002428.XSHE,211186176.61711848
002430.XSHE,3243609047.2463903
002432.XSHE,315700877.54328036
002433.XSHE,1524659934.4485497
002436.XSHE,1920333490.838655
002438.XSHE,402852629.7640761
002440.XSHE,3101371102.4081683
002441.XSHE,3748247798.7808056
002444.XSHE,1923259423.5914888
002446.XSHE,472630085.47052264
002448.XSHE,848915615.6551528
002449.XSHE,1910001178.2176523
002454.XSHE,1993935881.5226147
002455.XSHE,1224114049.0947156
002457.XSHE,401046789.71864593
002458.XSHE,689153244.2170483
002460.XSHE,2651904811.036475
002461.XSHE,1830557111.0312128
002462.XSHE,8301672539.850408
002463.XSHE,2285124295.658904
002467.XSHE,412724813.31921864
002468.XSHE,6761002291.019636
002469.XSHE,405447096.56321216
002471.XSHE,3606707586.4266396
002472.XSHE,1622085164.8939323
002474.XSHE,313939848.8463247
002476.XSHE,283421311.5893891
002477.XSHE,2635691991.745527
002478.XSHE,1876224927.1462965
002479.XSHE,1583177025.3434267
002480.XSHE,708492350.090712
002482.XSHE,6426469945.7384205
002483.XSHE,1189870901.7517095
002484.XSHE,891657450.13257
002487.XSHE,438465316.3636229
002488.XSHE,1489710618.2501035
002493.XSHE,40865989457.84537
002494.XSHE,231223496.63053828
002495.XSHE,154207522.13596207
002497.XSHE,1378029351.644442
002498.XSHE,2519685806.972836
002501.XSHE,1496663373.434171
002503.XSHE,16039030967.597626
002508.XSHE,3800084356.3853846
002510.XSHE,853868482.311656
002511.XSHE,2442724894.8993073
002516.XSHE,1014822755.1924522
002518.XSHE,1473717886.4302168
002519.XSHE,768449720.9704316
002521.XSHE,1842360071.6109085
002522.XSHE,386692501.60331464
002523.XSHE,432912883.35997
002529.XSHE,157458039.6681034
002531.XSHE,1587034008.1345015
002533.XSHE,1905533893.7417345
002534.XSHE,1553559159.380271
002535.XSHE,822200355.1219423
002536.XSHE,1474617749.8365474
002538.XSHE,1068178166.2965302
002540.XSHE,1808001920.8062422
002541.XSHE,2252924806.6025085
002542.XSHE,1220292230.2522686
002543.XSHE,4372724693.047746
002546.XSHE,258791398.75822127
002548.XSHE,1324786226.5105548
002549.XSHE,182199408.0216242
002550.XSHE,495696788.2410017
002551.XSHE,1007463055.3244429
002553.XSHE,208185524.5854418
002556.XSHE,7433417259.17702
002557.XSHE,1744053176.2697282
002559.XSHE,744532485.3186895
002560.XSHE,813111158.5409932
002561.XSHE,1046226401.7633636
002562.XSHE,933561205.0292655
002563.XSHE,5059046462.437443
002564.XSHE,-5738539038.975932
002566.XSHE,540264740.5929588
002568.XSHE,571618529.2193604
002573.XSHE,2150098904.6903634
002577.XSHE,253479612.47850496
002581.XSHE,348723738.50795233
002583.XSHE,3025935197.6008916
002585.XSHE,1552841143.0606132
002587.XSHE,843867592.34007
002588.XSHE,2685151509.036368
002590.XSHE,1157111055.106056
002593.XSHE,1139390146.9294188
002594.XSHE,45708038207.21053
002595.XSHE,1653142315.6957767
002597.XSHE,2234962453.026668
002598.XSHE,397865896.86001784
002599.XSHE,968277271.2972127
002603.XSHE,2531415725.3251033
002609.XSHE,322502462.0681232
002613.XSHE,528046373.62031645
002614.XSHE,2072288136.7969894
002615.XSHE,781593835.7308702
002616.XSHE,845737935.5250607
002618.XSHE,143238453.08408403
002620.XSHE,1680301410.7518537
002623.XSHE,910004523.5105822
002626.XSHE,1485170432.029564
002627.XSHE,1137449666.0137148
002628.XSHE,824389579.100121
002632.XSHE,471171060.2905903
002634.XSHE,224093905.00433218
002635.XSHE,1116097404.8112588
002636.XSHE,1760366689.6057215
002639.XSHE,520349944.57411516
002640.XSHE,8819890093.005615
002641.XSHE,2110142345.5270393
002644.XSHE,273660299.8684857
002646.XSHE,639538047.1382563
002648.XSHE,5085237200.280433
002649.XSHE,1209998152.6538615
002651.XSHE,283598194.187836
002653.XSHE,1134424916.1193962
002657.XSHE,489052778.62965035
002658.XSHE,434147465.6805463
002660.XSHE,960059312.8619277
002661.XSHE,1133701579.4207578
002662.XSHE,3066509450.844058
002666.XSHE,1671105087.3256717
002668.XSHE,4362345993.547951
002674.XSHE,672920352.9946012
002678.XSHE,977641414.3637741
002679.XSHE,48068643.24939012
002680.XSHE,830248272.608464
002681.XSHE,1394812861.6749854
002682.XSHE,1767696077.8928475
002686.XSHE,859060123.1484612
002687.XSHE,395256225.8684536
002688.XSHE,602261335.9132365
002689.XSHE,579128961.6133025
002690.XSHE,533670352.7932481
002693.XSHE,115287471.91027717
002695.XSHE,921011664.9817059
002698.XSHE,319247685.77798635
002700.XSHE,166664897.57403558
002701.XSHE,3342943910.9419413
002702.XSHE,393887605.2928153
002705.XSHE,4177922788.2493606
002706.XSHE,852903948.5058554
002709.XSHE,1357037953.9855876
002713.XSHE,1901396409.372274
002715.XSHE,163515242.08486688
002718.XSHE,387785117.25996745
002719.XSHE,301652459.63001376
002722.XSHE,1046648911.0989288
002723.XSHE,561496424.0306003
002724.XSHE,497460708.4466904
002726.XSHE,3554828922.946666
002727.XSHE,4510796338.637928
002731.XSHE,1196073501.6367497
002732.XSHE,107423375628.39056
002733.XSHE,1472814930.5127091
002736.XSHE,5749880988.258452
002737.XSHE,2363340615.5296545
002738.XSHE,1301826439963.009
300001.XSHE,3265109149.879158
300002.XSHE,700258817.2017419
300004.XSHE,279798674.69538784
300005.XSHE,1423689271.5225623
300006.XSHE,658190158.8507023
300007.XSHE,879007230.8097664
300009.XSHE,586703035.8844982
300011.XSHE,471752093.0767815
300012.XSHE,1067092709.0085186
300013.XSHE,499507014.01556873
300014.XSHE,1750128057.5542803
300015.XSHE,3807392710.5710497
300016.XSHE,300588043.09779
300017.XSHE,3379361176.6484146
300018.XSHE,174887899.696284
300019.XSHE,371108212.58934486
300020.XSHE,1151540833.7515721
300021.XSHE,570775846.0407002
300023.XSHE,259802534.23068857
300024.XSHE,1255721303.6895416
300026.XSHE,1170722725.3074837
300027.XSHE,2334611529.864682
300029.XSHE,105220769.12208787
300033.XSHE,360688097.58486575
300034.XSHE,343666543.39222336
300036.XSHE,637755592.0810552
300037.XSHE,1002492351.178771
300039.XSHE,996029019.5205129
300041.XSHE,968552784.3368101
300042.XSHE,607156808.8819638
300045.XSHE,257307754.69609115
300048.XSHE,648846717.7153515
300050.XSHE,426024258.2309305
300054.XSHE,926226243.0728439
300059.XSHE,708509312.0415977
300062.XSHE,386059574.41735107
300064.XSHE,598135448.1267185
300066.XSHE,230071851.66685867
300067.XSHE,821765244.903512
300068.XSHE,4208988323.615902
300069.XSHE,137996214.792978
300072.XSHE,14427834440.139202
300073.XSHE,1373143356.0299666
300074.XSHE,216026342.83559442
300075.XSHE,417791750.4908822
300077.XSHE,362420690.99926764
300079.XSHE,538768239.0500157
300082.XSHE,2831573217.5476646
300083.XSHE,2733216980.15766
300084.XSHE,188520229.02004635
300085.XSHE,570738300.213464
300091.XSHE,740589302.7306557
300094.XSHE,2438373222.1794596
300095.XSHE,322032995.04893255
300101.XSHE,191591838.97100267
300102.XSHE,507865410.3958338
300103.XSHE,175047409.55325684
300105.XSHE,175501095.1159923
300106.XSHE,355022875.7653727
300107.XSHE,403680866.58650714
300111.XSHE,698400117.1209726
300114.XSHE,681368487.4213119
300115.XSHE,4414722932.232495
300117.XSHE,1404824177.5998225
300119.XSHE,520836184.319642
300120.XSHE,665562397.0392562
300121.XSHE,1013956609.6321048
300124.XSHE,2483979799.0206785
300125.XSHE,9765155.103820637
300126.XSHE,286368950.15096235
300127.XSHE,268604387.4595315
300128.XSHE,1403742822.8541355
300129.XSHE,820885420.3465524
300132.XSHE,482958513.80307543
300133.XSHE,2367111279.728411
300135.XSHE,643566657.2241755
300137.XSHE,531451125.0913403
300138.XSHE,1639405673.9207158
300139.XSHE,100154069.03188634
300141.XSHE,243848450.02905592
300147.XSHE,1333100220.0593
300151.XSHE,278561503.8179603
300153.XSHE,604501015.9398236
300154.XSHE,325448180.40769297
300155.XSHE,314830426.22847664
300160.XSHE,726565476.186954
300161.XSHE,388850010.38365483
300165.XSHE,478722841.77427053
300166.XSHE,622664756.8995893
300167.XSHE,231800370.66710365
300170.XSHE,1277324658.9310825
300171.XSHE,768487074.4201894
300172.XSHE,338064153.4629869
300174.XSHE,668418274.8693767
300175.XSHE,98530898.46858473
300177.XSHE,550883973.5467632
300178.XSHE,1812849635.5709257
300181.XSHE,465965175.3534367
300183.XSHE,382210830.8967597
300185.XSHE,1669432698.4749467
300188.XSHE,505481478.02038693
300191.XSHE,40410806.952087134
300193.XSHE,412369854.5955189
300195.XSHE,566305540.8258978
300196.XSHE,1063396775.6093397
300200.XSHE,574689948.7291455
300202.XSHE,198089582.95036423
300203.XSHE,1291736500.8172486
300204.XSHE,682009594.2199241
300205.XSHE,1022666574.3175192
300206.XSHE,491138529.9168637
300207.XSHE,8592763903.928507
300210.XSHE,177843684.92151874
300211.XSHE,84667270.58952773
300212.XSHE,1522789530.8379917
300214.XSHE,929778678.8786165
300215.XSHE,307310024.9795068
300216.XSHE,155542187.06970957
300217.XSHE,759643148.3352032
300218.XSHE,738395701.9740846
300219.XSHE,2514116099.204831
300221.XSHE,2314194545.995318
300224.XSHE,547083507.533809
300226.XSHE,53122186344.78803
300228.XSHE,853020196.1665906
300231.XSHE,510866974.44445145
300232.XSHE,1965264016.154942
300233.XSHE,1593203076.1214924
300234.XSHE,140229247.79747072
300236.XSHE,246586406.70211613
300237.XSHE,2001873871.9302647
300239.XSHE,178912211.36531425
300241.XSHE,880780073.6014175
300243.XSHE,588579979.3949163
300244.XSHE,3061832212.2738876
300245.XSHE,180276552.5893837
300246.XSHE,394310932.95171374
300248.XSHE,295522742.2596533
300249.XSHE,546900346.7856468
300253.XSHE,523619350.1147012
300254.XSHE,542073272.9361372
300255.XSHE,648446591.8947773
300256.XSHE,2646613822.562507
300257.XSHE,1120336526.0066872
300258.XSHE,651617222.5374513
300259.XSHE,311795533.55579305
300260.XSHE,340120840.35999167
300261.XSHE,942555796.2176639
300262.XSHE,883932361.8836601
300263.XSHE,531590672.841868
300264.XSHE,127557349.90484813
300265.XSHE,886493847.3066974
300270.XSHE,201012795.85923856
300273.XSHE,503175080.931041
300274.XSHE,5501109163.444771
300275.XSHE,133934643.8159796
300277.XSHE,55235297.32220778
300281.XSHE,241894028.94709396
300282.XSHE,670224971.8555856
300283.XSHE,567168382.959755
300286.XSHE,218532764.98380452
300287.XSHE,916213408.6637793
300288.XSHE,162520878.39728972
300289.XSHE,300671027.93650097
300293.XSHE,815640407.6785555
300294.XSHE,862916991.7990499
300296.XSHE,4389250233.408048
300301.XSHE,865559681.4309928
300302.XSHE,105966698.35887685
300303.XSHE,1225688903.5119276
300304.XSHE,346687690.6924302
300305.XSHE,299287679.69908345
300306.XSHE,484254653.4082612
300311.XSHE,628017611.9083207
300314.XSHE,155259965.00944328
300316.XSHE,1319170617.8260612
300318.XSHE,219742474.6692378
300320.XSHE,751772984.7552416
300321.XSHE,223191540.8944111
300326.XSHE,563337611.4482579
300327.XSHE,412116550.4324539
300328.XSHE,342297138.9658307
300329.XSHE,239877021.49964207
300330.XSHE,83064744.89007711
300332.XSHE,759481911.9503187
300333.XSHE,109499764.91680704
300335.XSHE,1067583347.0074718
300337.XSHE,1061577905.9875264
300338.XSHE,705129537.8673835
300339.XSHE,931488068.912693
300341.XSHE,389824965.7744685
300342.XSHE,391946264.574033
300344.XSHE,249922670.5783666
300345.XSHE,83779737.8384293
300346.XSHE,112979360.3126818
300347.XSHE,1033812659.7602665
300348.XSHE,493625178.0689817
300352.XSHE,201565613.6976179
300354.XSHE,45810856.44309896
300355.XSHE,4432939944.035961
300356.XSHE,85018389.35631338
300357.XSHE,213842061.54572916
300358.XSHE,696319146.4798687
300360.XSHE,453429879.67159677
300363.XSHE,511391227.32921547
300365.XSHE,453990465.05690885
300368.XSHE,206781713.75990704
300369.XSHE,450410108.9533486
300370.XSHE,579519192.5887355
300371.XSHE,80354110.37475649
300373.XSHE,901700386.0185485
300375.XSHE,557104680.1598284
300376.XSHE,4853891068.293921
300377.XSHE,309183705.634339
300378.XSHE,628590329.1583446
300380.XSHE,257300802.88788605
300381.XSHE,599030833.8850365
300382.XSHE,267436984.59124205
300384.XSHE,200867549.64087382
300385.XSHE,456753293.59520864
300386.XSHE,408823638.3829696
300387.XSHE,314966837.3720959
300388.XSHE,1537807459.6452544
300389.XSHE,684830338.4814438
300390.XSHE,377021305.4599744
300391.XSHE,1161808160.0903242
300393.XSHE,251135463334.47388
300395.XSHE,-525278181.6510878
300396.XSHE,476294336.0706004
300397.XSHE,183701802.95481086
300398.XSHE,350607320.7953944
300399.XSHE,186724333.20159817
300400.XSHE,304071728.3666689
300401.XSHE,195133756.8334379
300402.XSHE,147923530.7449434
300403.XSHE,393349247.2859643
300405.XSHE,353946741.3617346
300406.XSHE,-70416114.3741585
300408.XSHE,1518030146.6119056
300409.XSHE,70782590937.96657
300412.XSHE,220058847.64707842
600004.XSHG,3485142486.3885574
600006.XSHG,6758290984.379257
600007.XSHG,1461617931.5135942
600008.XSHG,5179137695.7611685
600009.XSHG,4555958760.901335
600011.XSHG,81440126234.72493
600012.XSHG,1533432893.3829129
600015.XSHG,33837081361.866394
600016.XSHG,68299132198.12959
600017.XSHG,2432235142.284543
600018.XSHG,18663589432.594585
600019.XSHG,176176467400.2058
600020.XSHG,2347835800.760125
600021.XSHG,9356910687.34511
600023.XSHG,25504822352.44638
600026.XSHG,4944828025.456535
600027.XSHG,34322234910.70378
600028.XSHG,1334405722780.4282
600029.XSHG,65053495037.74014
600030.XSHG,20718615251.16852
600031.XSHG,24965439886.446716
600033.XSHG,1226343064.035695
600037.XSHG,1248241403.5632722
600038.XSHG,5155321349.587363
600039.XSHG,14547072168.034744
600050.XSHG,142950322078.6001
600051.XSHG,989024696.8193688
600054.XSHG,753149722.9862384
600055.XSHG,370379922.39811456
600056.XSHG,17057602033.047424
600057.XSHG,150564924216.9032
600058.XSHG,32021973118.60431
600059.XSHG,976275805.7773334
600060.XSHG,15166545607.149368
600061.XSHG,762141788.3111204
600062.XSHG,3642087942.6310697
600063.XSHG,2377654039.046979
600064.XSHG,2227474414.9367676
600066.XSHG,8064597216.866331
600067.XSHG,3067246263.829912
600068.XSHG,51476754247.78493
600070.XSHG,856985238.3226504
600077.XSHG,2525602013.3639216
600078.XSHG,1550272280.6925938
600080.XSHG,339554659.42246914
600081.XSHG,3281261487.6243916
600082.XSHG,205458625.62550786
600085.XSHG,7505022267.575935
600088.XSHG,377859277.76710004
600089.XSHG,17487788300.283916
600093.XSHG,8100122736.164045
600095.XSHG,58877094.36719918
600096.XSHG,30004079949.008385
600098.XSHG,11421837805.311333
600101.XSHG,775241870.5739673
600103.XSHG,1440089247.363809
600105.XSHG,1215545453.859581
600106.XSHG,100281352.71850276
600107.XSHG,200053709.5240491
600111.XSHG,4131917728.147784
600113.XSHG,122456026.46870638
600114.XSHG,1000344215.1009027
600115.XSHG,50559864263.13928
600116.XSHG,461141672.0505203
600117.XSHG,3311707960.9813786
600118.XSHG,3150541369.904057
600119.XSHG,975381212.9085013
600123.XSHG,2441964217.8648415
600125.XSHG,6035121244.729042
600127.XSHG,1497657850.1798606
600128.XSHG,1976428757.1133227
600130.XSHG,833789930.734761
600131.XSHG,481474638.983634
600132.XSHG,1681095511.28479
600135.XSHG,1073175651.3346373
600137.XSHG,120813031.81749427
600138.XSHG,5224302282.479782
600141.XSHG,8459306907.38943
600143.XSHG,12392534731.407368
600152.XSHG,322686845.5095865
600156.XSHG,396466016.5148698
600159.XSHG,164942755.77532429
600160.XSHG,7854491147.673502
600161.XSHG,952493040.9871725
600166.XSHG,21998513313.154198
600169.XSHG,2908379949.210266
600170.XSHG,73913782598.7012
600171.XSHG,293047937.0530584
600172.XSHG,1586268078.6069102
600175.XSHG,3290574677.25496
600176.XSHG,4907216890.506548
600180.XSHG,31151351245.014687
600183.XSHG,5564246296.918734
600184.XSHG,892324388.9023435
600185.XSHG,1333683961.7904806
600186.XSHG,894321414.2972646
600187.XSHG,246704016.34341478
600188.XSHG,84836949942.56036
600192.XSHG,927796503.0416468
600195.XSHG,1691831269.5221133
600196.XSHG,11005827431.4645
600197.XSHG,900407348.0942574
600199.XSHG,514746992.52283657
600201.XSHG,942147210.9513965
600203.XSHG,4098238642.349144
600206.XSHG,2224514285.402021
600207.XSHG,1091790045.2277145
600210.XSHG,4351020794.610202
600211.XSHG,413543305.9751889
600213.XSHG,1048267341.7249558
600215.XSHG,112351749.8837026
600216.XSHG,3247784405.8780165
600218.XSHG,1686796894.755423
600219.XSHG,9437133324.635117
600220.XSHG,1005624199.6525176
600222.XSHG,634738160.8045235
600223.XSHG,2865484689.879754
600229.XSHG,982773038.5975091
600231.XSHG,8973542480.793087
600232.XSHG,533425375.7466581
600235.XSHG,831743595.9083967
600236.XSHG,4281313692.99966
600237.XSHG,429684036.9376172
600243.XSHG,406736194.88242126
600248.XSHG,1834160765.1393247
600249.XSHG,634646532.3506472
600251.XSHG,842301761.6175327
600256.XSHG,4799797160.616129
600259.XSHG,1614513500.928092
600260.XSHG,11099245907.460934
600261.XSHG,2841957323.3811903
600262.XSHG,475955336.84141284
600266.XSHG,4479348189.092832
600267.XSHG,5703825100.08862
600268.XSHG,2291277293.0370436
600269.XSHG,1994187256.0670383
600270.XSHG,3183128191.5846868
600272.XSHG,449160453.86224777
600273.XSHG,3232088826.45714
600276.XSHG,7815559452.205601
600278.XSHG,7860200747.464834
600279.XSHG,393716834.1563332
600280.XSHG,4164177545.8072777
600281.XSHG,-93850800.65410253
600283.XSHG,517514277.4173776
600284.XSHG,1213903362.4243116
600285.XSHG,1035486228.685144
600287.XSHG,2526654076.622301
600288.XSHG,1401790253.6833878
600290.XSHG,799262107.5754839
600292.XSHG,1445059537.242484
600295.XSHG,11873376601.202732
600298.XSHG,3361191039.6792793
600302.XSHG,390567637.4861121
600303.XSHG,1860994052.9676008
600305.XSHG,791456029.323652
600307.XSHG,21111860499.296883
600308.XSHG,7292737119.583238
600310.XSHG,6561124299.323841
600312.XSHG,5178021848.669842
600313.XSHG,1510158842.5426865
600315.XSHG,3237096715.290353
600316.XSHG,965545265.669745
600317.XSHG,2057333808.4454644
600320.XSHG,9972985725.795837
600322.XSHG,2804812260.127549
600325.XSHG,9211912579.165932
600326.XSHG,2055139351.2678916
600327.XSHG,4460803392.739958
600328.XSHG,1598105179.5706823
600329.XSHG,2836778143.619049
600330.XSHG,1173834098.065029
600331.XSHG,1978878335.3087964
600332.XSHG,11773310713.451597
600333.XSHG,751044382.1610229
600336.XSHG,2747865806.299242
600337.XSHG,2222486780.871165
600340.XSHG,26869039085.18754
600343.XSHG,676255539.2979453
600345.XSHG,26999711.774445266
600348.XSHG,17199861552.591137
600350.XSHG,3370904319.6256
600352.XSHG,7906005467.942489
600353.XSHG,541200652.6754501
600354.XSHG,6859526.590246692
600355.XSHG,180733477.48914725
600356.XSHG,714636088.3344525
600359.XSHG,429650713.36914027
600360.XSHG,782035962.2515411
600361.XSHG,6072428355.589509
600362.XSHG,107984966280.34402
600363.XSHG,1684430612.8756552
600367.XSHG,709846246.3094919
600368.XSHG,740609818.5040147
600369.XSHG,1853304524.6630383
600370.XSHG,500503576.6635139
600371.XSHG,95951108.3168177
600372.XSHG,2749981595.358465
600373.XSHG,6057882193.708256
600376.XSHG,16280790927.03791
600377.XSHG,5111443085.944663
600380.XSHG,6046829323.4550295
600382.XSHG,388047608.7511782
600383.XSHG,17811857251.36371
600386.XSHG,2027563848.2921383
600387.XSHG,7289062556.399998
600388.XSHG,2978634367.995308
600391.XSHG,958669278.3945708
600392.XSHG,881102758.2196186
600396.XSHG,3587712956.2184367
600398.XSHG,9972628167.522812
600400.XSHG,1600273727.0897264
600405.XSHG,509933105.3790885
600406.XSHG,5673692370.475004
600409.XSHG,11874217571.036772
600410.XSHG,2713464491.8481817
600415.XSHG,3800169617.3204246
600416.XSHG,3867610098.830667
600418.XSHG,23451919672.81758
600419.XSHG,741427944.1158502
600422.XSHG,3311570423.1695004
600426.XSHG,5659133780.78348
600428.XSHG,3395428885.055608
600429.XSHG,3279703875.343252
600433.XSHG,1169071924.2584038
600435.XSHG,635119258.0106181
600436.XSHG,2405232494.540262
600439.XSHG,1008439320.0032895
600448.XSHG,1539791352.5508223
600449.XSHG,2004202554.0835614
600452.XSHG,1144762411.7284381
600456.XSHG,1290666354.0694375
600458.XSHG,5935342822.847019
600459.XSHG,9022808406.540056
600460.XSHG,1404496382.2243967
600463.XSHG,1096818682.5550976
600467.XSHG,695789897.5652927
600470.XSHG,1882818260.0999818
600476.XSHG,63307379.690946996
600477.XSHG,2243785595.7021127
600478.XSHG,675318636.6586502
600479.XSHG,1652278547.6036456
600480.XSHG,7096106081.120789
600481.XSHG,779511602.2762809
600483.XSHG,2904237734.058098
600486.XSHG,2582461046.791695
600487.XSHG,15630895295.949678
600488.XSHG,1223015990.2268705
600489.XSHG,14455978849.452946
600491.XSHG,10368668172.7234
600493.XSHG,373538111.3529295
600495.XSHG,675462323.3355732
600496.XSHG,3607248571.9795403
600498.XSHG,12083949995.261684
600501.XSHG,932611101.7886173
600503.XSHG,828919226.134866
600505.XSHG,428982173.57613754
600506.XSHG,27332028.277741883
600507.XSHG,7456072888.949336
600508.XSHG,3988221030.70522
600509.XSHG,2169621623.4877443
600510.XSHG,2672826409.2558775
600511.XSHG,30371790195.510994
600512.XSHG,1646525804.7736459
600513.XSHG,384748128.98032534
600516.XSHG,3766708181.876477
600517.XSHG,1862429324.321857
600519.XSHG,36444779381.76378
600521.XSHG,2776007388.2047577
600522.XSHG,16131189057.965641
600523.XSHG,1462274813.2718544
600526.XSHG,2046509177.3457603
600527.XSHG,614987994.4768229
600528.XSHG,6744247149.828025
600529.XSHG,1296484034.455419
600531.XSHG,7709035971.520807
600533.XSHG,1027432055.0602374
600535.XSHG,8830395287.108753
600537.XSHG,1985004570.6796649
600538.XSHG,140961410.59517938
600543.XSHG,119860687.04154173
600545.XSHG,835546807.9415399
600548.XSHG,2886302095.9953356
600549.XSHG,7113518725.391632
600555.XSHG,40988091.978190236
600557.XSHG,1852260802.2019434
600558.XSHG,1110666129.8597188
600560.XSHG,277509971.02925605
600561.XSHG,1473507344.303401
600562.XSHG,456867292.70620304
600563.XSHG,866032438.4787283
600565.XSHG,5425617289.216876
600566.XSHG,3546280794.7800264
600567.XSHG,11108972595.351528
600569.XSHG,11658801880.282482
600570.XSHG,1132388539.8995817
600571.XSHG,626967699.7115147
600572.XSHG,2927194171.0724864
600573.XSHG,295037693.1976057
600578.XSHG,5440823663.097406
600580.XSHG,5337265821.226517
600582.XSHG,6422603472.568578
600583.XSHG,3279829085.6124344
600586.XSHG,2285556011.861726
600587.XSHG,5063642716.385514
600588.XSHG,2829455480.7097445
600592.XSHG,438417010.9876785
600593.XSHG,137964233.64273244
600594.XSHG,2112568333.5062628
600595.XSHG,5957403957.59217
600596.XSHG,4481810171.247015
600597.XSHG,11386637485.197212
600599.XSHG,195169856.76462972
600600.XSHG,15454904076.119524
600601.XSHG,1958518254.9269052
600605.XSHG,1013142130.2589475
600611.XSHG,1268455032.2209084
600612.XSHG,24184020272.25872
600613.XSHG,765268171.793988
600615.XSHG,52519373.54823155
600616.XSHG,399519760.54971164
600617.XSHG,5599105656.4558935
600618.XSHG,3805148374.828738
600620.XSHG,37485705.16166384
600623.XSHG,26670170030.07872
600624.XSHG,403856730.40138435
600626.XSHG,6402381201.993169
600629.XSHG,2670605909.850458
600630.XSHG,2007432445.4856505
600635.XSHG,2634833821.647203
600639.XSHG,863344483.9375048
600640.XSHG,3442493166.8943715
600642.XSHG,16742691315.850906
600647.XSHG,19783377.01323308
600648.XSHG,4458788978.107904
600650.XSHG,1212967368.442782
600652.XSHG,43982936.568499446
600658.XSHG,660024050.7627772
600660.XSHG,9827000673.446598
600661.XSHG,937844050.6368859
600662.XSHG,1865737131.5315866
600663.XSHG,5884864249.990207
600665.XSHG,2157019418.4798584
600668.XSHG,1431016660.291829
600676.XSHG,4610129775.789608
600677.XSHG,4162008560.444295
600679.XSHG,717109556.1476358
600683.XSHG,2279862210.4369483
600684.XSHG,2164530702.5049915
600686.XSHG,7550606248.161828
600688.XSHG,48053586121.186264
600692.XSHG,663899200.1790471
600693.XSHG,2272041179.433614
600694.XSHG,13310125484.721151
600695.XSHG,15847240.153246826
600697.XSHG,7359786032.64123
600698.XSHG,319937080.19884914
600702.XSHG,1096445101.454677
600704.XSHG,149755476061.99353
600705.XSHG,3543801565.9883513
600706.XSHG,558837549.9452741
600708.XSHG,7232437197.223254
600711.XSHG,13152551567.29509
600712.XSHG,1104669498.230278
600713.XSHG,14055380332.598623
600716.XSHG,1013704506.2469845
600717.XSHG,6073375492.675701
600718.XSHG,2711960698.971938
600720.XSHG,2503012361.9153953
600723.XSHG,5107774804.266804
600726.XSHG,4924621838.685144
600727.XSHG,245263541.4197333
600728.XSHG,1818920238.6281915
600731.XSHG,607159769.8337599
600737.XSHG,9245944597.075443
600738.XSHG,787823448.9219538
600740.XSHG,3416189301.461465
600742.XSHG,6356163948.399178
600744.XSHG,3720618666.971259
600746.XSHG,355216378.3607117
600755.XSHG,106120019985.8314
600756.XSHG,364235768.3840776
600757.XSHG,4166645569.7331734
600758.XSHG,3822412510.9438267
600761.XSHG,4463894008.270317
600765.XSHG,2522391216.131078
600769.XSHG,9356886.468176823
600770.XSHG,343006741.4593574
600771.XSHG,729929379.8779511
600773.XSHG,798064929.8460386
600774.XSHG,524761344.47945213
600775.XSHG,1936845399.5130699
600776.XSHG,1148118636.2987492
600780.XSHG,2425467911.4452686
600781.XSHG,1883072928.6248093
600782.XSHG,28770649926.05512
600783.XSHG,110395218.6562883
600785.XSHG,3965059804.554085
600787.XSHG,12259403131.831163
600789.XSHG,1480695788.4968076
600790.XSHG,473877655.720971
600791.XSHG,390345567.8941205
600792.XSHG,2213742031.11687
600795.XSHG,30214730133.619198
600800.XSHG,68171247.22460169
600801.XSHG,11170617990.412815
600802.XSHG,839712745.8248869
600804.XSHG,3931972225.7630725
600805.XSHG,688771757.5180975
600808.XSHG,39440939204.777466
600809.XSHG,4399307893.412227
600810.XSHG,5768280744.568602
600812.XSHG,4227858221.6802287
600814.XSHG,3058571997.736418
600816.XSHG,-9303020.616494736
600818.XSHG,274100273.7504553
600819.XSHG,1668327136.2211952
600820.XSHG,12971260167.54556
600821.XSHG,27772984.76832529
600823.XSHG,9774798812.614815
600824.XSHG,509862658.86143893
600825.XSHG,595837992.3228978
600826.XSHG,1976588034.8034825
600830.XSHG,644995577.6508117
600831.XSHG,1487676631.504021
600833.XSHG,721997706.0468888
600834.XSHG,363720068.55201095
600835.XSHG,9792103046.329737
600836.XSHG,531196846.2151779
600837.XSHG,12665940154.336746
600838.XSHG,43857980.782835364
600839.XSHG,38395171719.018906
600841.XSHG,1991788410.7234921
600843.XSHG,1598940663.340126
600845.XSHG,2310622228.721376
600846.XSHG,1596364242.9318323
600848.XSHG,1007270369.0289669
600853.XSHG,3906818199.2027845
600854.XSHG,451784668.8581863
600855.XSHG,634086469.5420446
600857.XSHG,466781566.1573831
600858.XSHG,6726359943.796936
600861.XSHG,901648894.1648796
600862.XSHG,1982546830.8317742
600863.XSHG,5927920380.058285
600865.XSHG,435707629.50477314
600867.XSHG,1544346342.049347
600869.XSHG,9969556629.46761
600872.XSHG,2074198436.288056
600873.XSHG,5941837688.70764
600874.XSHG,1025874688.0339062
600875.XSHG,13901514496.194126
600881.XSHG,7072638350.20669
600883.XSHG,17918596.29050619
600884.XSHG,5643744780.482455
600885.XSHG,3470767474.1270432
600887.XSHG,38453473329.59563
600888.XSHG,3020722633.513401
600889.XSHG,837551613.7694869
600891.XSHG,4107391321.528173
600893.XSHG,7928171708.691196
600894.XSHG,2261757618.0415225
600895.XSHG,283754518.13058996
600897.XSHG,884632542.9932754
600917.XSHG,3001840268.6402
600961.XSHG,6250225396.834171
600963.XSHG,3067461950.8705215
600966.XSHG,3844784044.5419188
600969.XSHG,1284797825.6002884
600970.XSHG,9192106612.524046
600971.XSHG,3484985836.2522097
600975.XSHG,866280803.7132586
600976.XSHG,1304860131.051708
600979.XSHG,1050193912.8011359
600980.XSHG,205506559.62238452
600982.XSHG,860354198.5318142
600983.XSHG,3749095004.7390976
600985.XSHG,451945312.7993063
600988.XSHG,1257462230.2205002
600992.XSHG,899638970.3999135
600993.XSHG,796584061.5842783
600995.XSHG,1089390739.03153
600997.XSHG,9617588812.258373
600998.XSHG,43241900228.61373
600999.XSHG,6382718027.271517
601000.XSHG,3227250609.85959
601001.XSHG,4624331989.728539
601002.XSHG,1377402891.7843509
601007.XSHG,481682514.05471396
601008.XSHG,631944105.8301985
601009.XSHG,13342535356.398405
601010.XSHG,3539898721.0726285
601011.XSHG,1589074082.466103
601015.XSHG,96562855112330.12
601016.XSHG,1118065445.13289
601038.XSHG,3670767881.2458506
601058.XSHG,7597040822.512218
601088.XSHG,148619753395.2182
601098.XSHG,4390592604.650144
601099.XSHG,555082333.5693733
601100.XSHG,1796993740.7883058
601101.XSHG,2958171179.7785277
601107.XSHG,3422477412.905671
601111.XSHG,62435309019.93847
601113.XSHG,1487647658.2818274
601116.XSHG,2001029602.8344195
601117.XSHG,29511774759.922268
601118.XSHG,5017743066.940417
601126.XSHG,1214677590.160569
601139.XSHG,6322032972.740702
601158.XSHG,2072488726.040613
601166.XSHG,65731383199.84836
601177.XSHG,867731608.4831924
601179.XSHG,5965794223.170976
601186.XSHG,305242019251.598
601188.XSHG,374789161.4498421
601199.XSHG,620542122.0984198
601208.XSHG,850959787.3477176
601216.XSHG,4079703418.634121
601218.XSHG,516190581.6122934
601222.XSHG,1690631065.1840653
601226.XSHG,186256150216.05594
601231.XSHG,13266754184.410292
601233.XSHG,17488937081.951385
601238.XSHG,45399159865.779816
601258.XSHG,32638493738.257484
601288.XSHG,287009856012.38525
601311.XSHG,3973484946.2265906
601318.XSHG,558821383162.841
601333.XSHG,9081488738.357048
601336.XSHG,80170820842.34987
601339.XSHG,3202702520.41687
601369.XSHG,2039266178.3552315
601377.XSHG,3704172484.581462
601398.XSHG,378451729738.9859
601515.XSHG,1586436108.9683008
601518.XSHG,368317723.8161274
601555.XSHG,1910894957.7516782
601566.XSHG,1231953263.3717914
601567.XSHG,2276652744.553696
601579.XSHG,715483206.9815676
601588.XSHG,10793967839.299149
601599.XSHG,1826719365.9003465
601600.XSHG,88345789567.56735
601601.XSHG,204093994078.72382
601607.XSHG,71328753035.42075
601616.XSHG,243968004.1494171
601618.XSHG,114935759872.57074
601628.XSHG,418706628330.5081
601633.XSHG,47762388859.66011
601636.XSHG,3774940538.009492
601666.XSHG,9167021849.463829
601669.XSHG,135802127934.79887
601677.XSHG,6243407606.418574
601678.XSHG,3155590236.6112967
601699.XSHG,13313509687.559746
601766.XSHG,87236331266.4273
601777.XSHG,6474645902.714762
601788.XSHG,4839250031.277999
601799.XSHG,2511520776.498145
601800.XSHG,206654568839.92798
601801.XSHG,4351276816.349781
601808.XSHG,7443196513.774317
601818.XSHG,47910797530.747894
601866.XSHG,6005394259.241485
601872.XSHG,2921043231.320567
601880.XSHG,5191970544.653194
601890.XSHG,422023770.2788756
601898.XSHG,49363039114.981415
601901.XSHG,2871173511.50502
601908.XSHG,1051061349.7835815
601928.XSHG,5307659305.943012
601929.XSHG,892291808.0811131
601939.XSHG,338030680644.571
601958.XSHG,4859966837.047995
601965.XSHG,1316210403.7634723
601969.XSHG,3602951977.47397
601988.XSHG,242041977652.9701
601991.XSHG,33580102138.9583
601992.XSHG,29802139202.43612
601996.XSHG,638437258.3904737
601998.XSHG,81674325252.28647
601999.XSHG,1062740813.1423867
603000.XSHG,558647926.672473
603001.XSHG,1579523965.842217
603002.XSHG,659459106.195122
603003.XSHG,9541301287.272646
603005.XSHG,306434689.8830887
603006.XSHG,569212345.9180317
603008.XSHG,1946284062.7387145
603009.XSHG,514469939.02101886
603017.XSHG,2609859231335221.5
603018.XSHG,1435541032.8433673
603019.XSHG,100281539350.41061
603088.XSHG,177153127.98185858
603099.XSHG,109338483.96534508
603100.XSHG,1440553262.6384172
603123.XSHG,2356735772.923816
603126.XSHG,656771203.3041422
603166.XSHG,656381137.5987418
603167.XSHG,612550539.1098793
603168.XSHG,383010265.3702651
603169.XSHG,456571386436344.25
603288.XSHG,9051795811.077559
603306.XSHG,3590578348693.4995
603308.XSHG,735441348.2310097
603333.XSHG,352355159.8139534
603366.XSHG,1420837526.417234
603369.XSHG,2130591016.8628874
603456.XSHG,861482065.7028289
603555.XSHG,2103409787.6948557
603606.XSHG,-419981606503.62933
603609.XSHG,7188194184.609585
603636.XSHG,246719809.910262
603688.XSHG,329270134.09548557
603699.XSHG,1302406076.7391648
603766.XSHG,5732313535.051697
603806.XSHG,2544627088.186659
603889.XSHG,66978630.307049274
603988.XSHG,102636740.61785425
603998.XSHG,513559694.5675174
